{
    "WHITE": {
        "name": "White UI Colorspace",
        "min": [
            -164.2074700466305,
            -396.75902052238615,
            83.61165793100838
        ],
        "max": [
            -118.8431125846555,
            -301.7008539086672,
            114.93389584874063
        ],
        "center": [
            242.48091603053436,
            241.0,
            238.94656488549617
        ],
        "rot": [
            [
                0.5530148829728145,
                -0.607930571917316,
                -0.569732357286164
            ],
            [
                -0.7957614212667654,
                -0.18279034884877599,
                -0.5773659574232279
            ],
            [
                0.24685684036311822,
                0.7726629977525958,
                -0.5848534793176067
            ]
        ]
    },
    "BLUE": {
        "name": "Blue Username Colorspace",
        "min": [
            -218.47945747201965,
            -196.31421406074344,
            98.9055532121767
        ],
        "max": [
            -51.15655329046031,
            -62.425343067438945,
            230.4687963906854
        ],
        "center": [
            227.97884386174016,
            144.19308700834327,
            122.97646007151371
        ],
        "rot": [
            [
                0.10591829207607584,
                -0.48619969253047735,
                -0.86740485033631
            ],
            [
                -0.8175181968447043,
                0.45401291006073696,
                -0.35431098674182365
            ],
            [
                0.5660788931160307,
                0.746647263760774,
                -0.3493888239298433
            ]
        ]
    }
}