{
    "SUB_BLUE": {
        "center": {
            "x": 122,
            "y": 147,
            "z":231
        },
        "dim": {
            "l": 53,
            "w": 35,
            "h": 75
        },
        "rot": {
            "x": -28,
            "y": 19,
            "z": 28
        },
        "matrix": [ [-0.9517329, -0.2678458,  0.1498772],
        [-0.2216912,  0.9376096,  0.2678458],
        [-0.2122677,  0.2216912, -0.9517329] ]
    },
    "UNSUB_WHITE": {
        "center": {
            "x": 245,
            "y": 246,
            "z": 244
        },
        "dim": {
            "l": 45,
            "w": 28,
            "h": 47
        },
        "rot": {
            "x": 0,
            "y": 0,
            "z": 0
        },
        "matrix": [
            [1,0,0],
            [0,1,0],
            [0,0,1]
        ]
    },
    "STREAMER_RED": {
        "center": {
            "x": 238,
            "y": 138,
            "z": 140
        },
        "dim": {
            "l": 70,
            "w": 36,
            "h": 30
        },
        "rot": {
            "x": 0,
            "y": 0,
            "z": 0
        },
        "matrix": [
            [1,0,0],
            [0,1,0],
            [0,0,1]
        ]
    },
    "VIP_PINK": {
        "center": {
            "x": 202,
            "y": 42,
            "z": 179
        },
        "dim": {
            "l": 116,
            "w": 50,
            "h": 114
        },
        "rot": {
            "x": 0,
            "y": 0,
            "z": 0
        },
        "matrix": [
            [1,0,0],
            [0,1,0],
            [0,0,1]
        ]
    },
    "MOD_GREEN": {
        "center": {
            "x": 145,
            "y": 243,
            "z": 210
        },
        "dim": {
            "l": 89,
            "w": 29,
            "h": 56
        },
        "rot": {
            "x": 0,
            "y": 0,
            "z": 0
        },
        "matrix": [
            [1,0,0],
            [0,1,0],
            [0,0,1]
        ]
    }

}